CREATE DATABASE sensores;
CREATE TABLE sensores (id int, nombre varchar(100), uso varchar(100), modelo int, cantidad int, error float);
CREATE TABLE encargados (id int, nombre varchar(30), apellido varchar(40), puesto varchar(50), edad int, ingreso int);
CREATE TABLE mediciones (id int, fecha datetime, id_estacion int, id_encargado int, id_sensor int);
CREATE TABLE estaciones (id int, nombre varchar(100), location varchar(100), latitud float, longitud float);

INSERT INTO sensores (id,nombre,uso,modelo,cantidad,error) VALUES (1,'aasf','presion',2004,9,0.56);
INSERT INTO sensores (id,nombre,uso,modelo,cantidad,error) VALUES (2,'ab','temperatura',2008,9,0.08);
INSERT INTO sensores (id,nombre,uso,modelo,cantidad,error) VALUES (3,'abc','aroma',2007,6,0.02);
INSERT INTO sensores (id,nombre,uso,modelo,cantidad,error) VALUES (4,'abcd','presion',2013,10,0.06);
INSERT INTO sensores (id,nombre,uso,modelo,cantidad,error) VALUES (5,'re','temperatura',2010,9,0.71);
INSERT INTO sensores (id,nombre,uso,modelo,cantidad,error) VALUES (6,'te','presion',2017,1,0.72);
INSERT INTO sensores (id,nombre,uso,modelo,cantidad,error) VALUES (7,'fg','ruido',2012,11,0.29);
INSERT INTO sensores (id,nombre,uso,modelo,cantidad,error) VALUES (8,'hghg','ruido',2017,4,0.33);
INSERT INTO sensores (id,nombre,uso,modelo,cantidad,error) VALUES (9,'fg5','presion',2014,10,0.05);
INSERT INTO sensores (id,nombre,uso,modelo,cantidad,error) VALUES (10,'tre','ruido',2007,4,0.65);
INSERT INTO sensores (id,nombre,uso,modelo,cantidad,error) VALUES (11,'try','humedad',2008,14,0.23);
INSERT INTO sensores (id,nombre,uso,modelo,cantidad,error) VALUES (12,'ytytur','radiacion',2006,4,0.32);
INSERT INTO sensores (id,nombre,uso,modelo,cantidad,error) VALUES (13,'tyr','radiacion',2007,9,0.43);
INSERT INTO sensores (id,nombre,uso,modelo,cantidad,error) VALUES (14,'oiuytrf','temperatura',2017,10,0.44);
INSERT INTO sensores (id,nombre,uso,modelo,cantidad,error) VALUES (15,'wx','presion',2016,6,0.81);
INSERT INTO sensores (id,nombre,uso,modelo,cantidad,error) VALUES (16,'edx','radiacion',2018,7,0.56);
INSERT INTO sensores (id,nombre,uso,modelo,cantidad,error) VALUES (17,'ab','ruido',2013,9,0.50);
INSERT INTO sensores (id,nombre,uso,modelo,cantidad,error) VALUES (18,'abc','presion',2013,8,0.56);
INSERT INTO sensores (id,nombre,uso,modelo,cantidad,error) VALUES (19,'abcd','calor',2011,11,0.74);
INSERT INTO sensores (id,nombre,uso,modelo,cantidad,error) VALUES (20,'a','contacto',2018,8,0.30);
INSERT INTO sensores (id,nombre,uso,modelo,cantidad,error) VALUES (1,'ab','aroma',2010,11,0.28);
INSERT INTO sensores (id,nombre,uso,modelo,cantidad,error) VALUES (22,'abc','presion',2010,12,0.67);
INSERT INTO sensores (id,nombre,uso,modelo,cantidad,error) VALUES (23,'abcd','temperatura',2012,11,0.47);
INSERT INTO sensores (id,nombre,uso,modelo,cantidad,error) VALUES (24,'a','presion',2005,2,0.04);
INSERT INTO sensores (id,nombre,uso,modelo,cantidad,error) VALUES (25,'ab','ruido',2014,4,0.53);
INSERT INTO sensores (id,nombre,uso,modelo,cantidad,error) VALUES (26,'pok','ruido',2018,15,0.11);
INSERT INTO sensores (id,nombre,uso,modelo,cantidad,error) VALUES (27,'plokm','presion',2018,11,0.16);
INSERT INTO sensores (id,nombre,uso,modelo,cantidad,error) VALUES (28,'wd','ruido',2012,14,0.30);
INSERT INTO sensores (id,nombre,uso,modelo,cantidad,error) VALUES (29,'dffd','humedad',2012,11,0.60);
INSERT INTO sensores (id,nombre,uso,modelo,cantidad,error) VALUES (30,'qwqwqew','radiacion',2007,3,0.57);
INSERT INTO sensores (id,nombre,uso,modelo,cantidad,error) VALUES (31,'weqe','radiacion',2009,8,0.52);
INSERT INTO sensores (id,nombre,uso,modelo,cantidad,error) VALUES (32,2wqwe','temperatura',2017,13,0.54);
INSERT INTO sensores (id,nombre,uso,modelo,cantidad,error) VALUES (33,'i8765y','presion',2010,3,0.69);
INSERT INTO sensores (id,nombre,uso,modelo,cantidad,error) VALUES (34,'t6534,'radiacion',2008,7,0.09);
INSERT INTO sensores (id,nombre,uso,modelo,cantidad,error) VALUES (35,8iu67y','humedad',2016,8,0.95);
INSERT INTO sensores (id,nombre,uso,modelo,cantidad,error) VALUES (36,'y75y','radiacion',2013,7,0.87);
INSERT INTO sensores (id,nombre,uso,modelo,cantidad,error) VALUES (37,7y6,'radiacion',2013,14,0.75);
INSERT INTO sensores (id,nombre,uso,modelo,cantidad,error) VALUES (38,'t5665,'temperatura',2017,2,0.91);
INSERT INTO sensores (id,nombre,uso,modelo,cantidad,error) VALUES (39,7yt5rg','presion',2017,4,0.99);
INSERT INTO sensores (id,nombre,uso,modelo,cantidad,error) VALUES (40,'y7564y5,'radiacion',2006,11,0.43);
INSERT INTO sensores (id,nombre,uso,modelo,cantidad,error) VALUES (41,6yu5ht','ruido',2009,10,0.17);
INSERT INTO sensores (id,nombre,uso,modelo,cantidad,error) VALUES (42,'i8=677y','presion',2017,5,0.99);
INSERT INTO sensores (id,nombre,uso,modelo,cantidad,error) VALUES (43,'u57u5,'calor',2011,2,0.45);
INSERT INTO sensores (id,nombre,uso,modelo,cantidad,error) VALUES (44,'uu65ty','contacto',2010,11,0.66);
INSERT INTO sensores (id,nombre,uso,modelo,cantidad,error) VALUES (45,'u5u65u','aroma',2017,5,0.85);
INSERT INTO sensores (id,nombre,uso,modelo,cantidad,error) VALUES (46,'u75t6yh','presion',2016,4,0.04);
INSERT INTO sensores (id,nombre,uso,modelo,cantidad,error) VALUES (47,867u57,'temperatura',2009,15,0.89);
INSERT INTO sensores (id,nombre,uso,modelo,cantidad,error) VALUES (48,'i867u7,'presion',2017,10,0.04);
INSERT INTO sensores (id,nombre,uso,modelo,cantidad,error) VALUES (49,'u756y5,'ruido',2014,9,0.22);
INSERT INTO sensores (id,nombre,uso,modelo,cantidad,error) VALUES (50,'u6565y','ruido',2011,7,0.96);
INSERT INTO sensores (id,nombre,uso,modelo,cantidad,error) VALUES (51,'u56yu5y','presion',2007,9,0.83);
INSERT INTO sensores (id,nombre,uso,modelo,cantidad,error) VALUES (52,'u56u65,'ruido',2012,5,0.61);
INSERT INTO sensores (id,nombre,uso,modelo,cantidad,error) VALUES (53,'u7767,'radiacion',2009,2,0.21);
INSERT INTO sensores (id,nombre,uso,modelo,cantidad,error) VALUES (54,'u7uu57,'temperatura',2015,1,0.78);
INSERT INTO sensores (id,nombre,uso,modelo,cantidad,error) VALUES (55,'iu756,'presion',2005,3,0.69);
INSERT INTO sensores (id,nombre,uso,modelo,cantidad,error) VALUES (56,'i8ui88o','radiacion',2005,11,0.06);
INSERT INTO sensores (id,nombre,uso,modelo,cantidad,error) VALUES (57,'i78oi8,'humedad',2018,7,0.24);
INSERT INTO sensores (id,nombre,uso,modelo,cantidad,error) VALUES (58,'u756yhyht','radiacion',2012,3,0.40);
INSERT INTO sensores (id,nombre,uso,modelo,cantidad,error) VALUES (59,'htrhtr','radiacion',2013,9,0.58);
INSERT INTO sensores (id,nombre,uso,modelo,cantidad,error) VALUES (60,'h6tg45,'temperatura',2010,14,0.30);
INSERT INTO sensores (id,nombre,uso,modelo,cantidad,error) VALUES (61,'a','presion',2014,1,0.01);
INSERT INTO sensores (id,nombre,uso,modelo,cantidad,error) VALUES (62,'b','radiacion',2010,8,0.61);
INSERT INTO sensores (id,nombre,uso,modelo,cantidad,error) VALUES (63,'c','ruido',2005,14,0.44);
INSERT INTO sensores (id,nombre,uso,modelo,cantidad,error) VALUES (64,'dffd','presion',2018,4,0.66);
INSERT INTO sensores (id,nombre,uso,modelo,cantidad,error) VALUES (65,'edx','calor',2007,3,0.23);
INSERT INTO sensores (id,nombre,uso,modelo,cantidad,error) VALUES (66,'f','presion',2014,6,0.98);
INSERT INTO sensores (id,nombre,uso,modelo,cantidad,error) VALUES (67,'g','temperatura',2008,13,0.13);
INSERT INTO sensores (id,nombre,uso,modelo,cantidad,error) VALUES (68,'h','aroma',2012,3,0.71);
INSERT INTO sensores (id,nombre,uso,modelo,cantidad,error) VALUES (69,'i','presion',2015,9,0.57);
INSERT INTO sensores (id,nombre,uso,modelo,cantidad,error) VALUES (70,'j','temperatura',2008,1,0.63);
INSERT INTO sensores (id,nombre,uso,modelo,cantidad,error) VALUES (71,'k','presion',2012,6,0.74);
INSERT INTO sensores (id,nombre,uso,modelo,cantidad,error) VALUES (72,'l','ruido',2009,9,0.63);
INSERT INTO sensores (id,nombre,uso,modelo,cantidad,error) VALUES (73,'m','ruido',2015,4,0.37);
INSERT INTO sensores (id,nombre,uso,modelo,cantidad,error) VALUES (74,'nombre','presion',2017,6,0.28);
INSERT INTO sensores (id,nombre,uso,modelo,cantidad,error) VALUES (75,'oiuytrf','ruido',2013,15,0.14);
INSERT INTO sensores (id,nombre,uso,modelo,cantidad,error) VALUES (76,'p','humedad',2018,3,0.80);
INSERT INTO sensores (id,nombre,uso,modelo,cantidad,error) VALUES (77,'qwqwqew','radiacion',2010,4,0.99);
INSERT INTO sensores (id,nombre,uso,modelo,cantidad,error) VALUES (78,'re','radiacion',2010,9,0.20);
INSERT INTO sensores (id,nombre,uso,modelo,cantidad,error) VALUES (79,'rs','temperatura',2009,3,0.66);
INSERT INTO sensores (id,nombre,uso,modelo,cantidad,error) VALUES (80,'tr','presion',2012,4,0.66);
INSERT INTO sensores (id,nombre,uso,modelo,cantidad,error) VALUES (81,'gt','radiacion',2007,8,0.66);
INSERT INTO sensores (id,nombre,uso,modelo,cantidad,error) VALUES (82,'hyr','presion',2016,5,0.56);
INSERT INTO sensores (id,nombre,uso,modelo,cantidad,error) VALUES (83,'t43,'temperatura',2012,14,0.49);
INSERT INTO sensores (id,nombre,uso,modelo,cantidad,error) VALUES (84,'rfwe','aroma',2015,2,0.34);
INSERT INTO sensores (id,nombre,uso,modelo,cantidad,error) VALUES (85,'fe','presion',2016,3,0.37);
INSERT INTO sensores (id,nombre,uso,modelo,cantidad,error) VALUES (86,'fefe','temperatura',2007,13,0.55);
INSERT INTO sensores (id,nombre,uso,modelo,cantidad,error) VALUES (87,'fdsfe','presion',2010,7,0.44);
INSERT INTO sensores (id,nombre,uso,modelo,cantidad,error) VALUES (88,'gt','ruido',2015,5,0.87);
INSERT INTO sensores (id,nombre,uso,modelo,cantidad,error) VALUES (89,'hrt','ruido',2011,5,0.74);
INSERT INTO sensores (id,nombre,uso,modelo,cantidad,error) VALUES (90,'jyt7','presion',2007,12,0.33);
INSERT INTO sensores (id,nombre,uso,modelo,cantidad,error) VALUES (91,'j7u','ruido',2007,6,0.35);
INSERT INTO sensores (id,nombre,uso,modelo,cantidad,error) VALUES (92,8o9','humedad',2017,1,0.65);
INSERT INTO sensores (id,nombre,uso,modelo,cantidad,error) VALUES (93,'i8i7','radiacion',2012,9,0.36);
INSERT INTO sensores (id,nombre,uso,modelo,cantidad,error) VALUES (94,'i8765y','radiacion',2016,12,0.36);
INSERT INTO sensores (id,nombre,uso,modelo,cantidad,error) VALUES (95,7u7u6','temperatura',2009,9,0.71);
INSERT INTO sensores (id,nombre,uso,modelo,cantidad,error) VALUES (96,'i87i8','presion',2013,2,0.61);
INSERT INTO sensores (id,nombre,uso,modelo,cantidad,error) VALUES (97,'y6h5','radiacion',2009,8,0.65);
INSERT INTO sensores (id,nombre,uso,modelo,cantidad,error) VALUES (98,'t5t3','ruido',2018,3,0.99);
INSERT INTO sensores (id,nombre,uso,modelo,cantidad,error) VALUES (99,46y5','presion',2013,2,0.58);
INSERT INTO sensores (id,nombre,uso,modelo,cantidad,error) VALUES (100,'hyt','calor',2014,7,0.59);
INSERT INTO estaciones (id,nombre,location,latitud,longitud) VALUES (1,'YGgQi','E7V8a',104.51,167.35);
INSERT INTO estaciones (id,nombre,location,latitud,longitud) VALUES (2,'HiIxd','G9a4p',162.63,131.12);
INSERT INTO estaciones (id,nombre,location,latitud,longitud) VALUES (3,'QQGcx','I1M1t',110.56,114.23);
INSERT INTO estaciones (id,nombre,location,latitud,longitud) VALUES (4,'msxnp','D5b8i',161.90,188.65);
INSERT INTO estaciones (id,nombre,location,latitud,longitud) VALUES (5,'XalFU','C1A6J',175.79,112.24);
INSERT INTO estaciones (id,nombre,location,latitud,longitud) VALUES (6,'aAyYP','N9b9g',175.56,158.23);
INSERT INTO estaciones (id,nombre,location,latitud,longitud) VALUES (7,'khGgC','j1o7j',117.74,191.21);
INSERT INTO estaciones (id,nombre,location,latitud,longitud) VALUES (8,'wTWji','Q9C2B',197.98,172.36);
INSERT INTO estaciones (id,nombre,location,latitud,longitud) VALUES (9,'iPmPK','K0I9K',105.86,142.18);
INSERT INTO estaciones (id,nombre,location,latitud,longitud) VALUES (10,'AlEYl','S2s3Z',112.62,195.39);
INSERT INTO estaciones (id,nombre,location,latitud,longitud) VALUES (11,'kSGeL','c0i3P',164.08,114.74);
INSERT INTO estaciones (id,nombre,location,latitud,longitud) VALUES (12,'hepHW','l7Q7x',195.56,113.60);
INSERT INTO estaciones (id,nombre,location,latitud,longitud) VALUES (13,'ifrYc','Q1r7N',122.89,101.49);
INSERT INTO estaciones (id,nombre,location,latitud,longitud) VALUES (14,'knAUH','w7y5L',195.87,134.83);
INSERT INTO estaciones (id,nombre,location,latitud,longitud) VALUES (15,'aeAbs','e8F3m',147.11,189.41);
INSERT INTO estaciones (id,nombre,location,latitud,longitud) VALUES (16,'qZrYM','q6q0x',141.73,132.58);
INSERT INTO estaciones (id,nombre,location,latitud,longitud) VALUES (17,'iilWo','V6m5q',157.93,114.93);
INSERT INTO estaciones (id,nombre,location,latitud,longitud) VALUES (18,'NkaFy','M2c7J',137.05,185.68);
INSERT INTO estaciones (id,nombre,location,latitud,longitud) VALUES (19,'RVJwc','S5n1k',164.51,156.23);
INSERT INTO estaciones (id,nombre,location,latitud,longitud) VALUES (20,'zyfTY','U0n2d',159.83,101.32);
INSERT INTO estaciones (id,nombre,location,latitud,longitud) VALUES (21,'cCvgq','w2a1O',180.80,125.95);
INSERT INTO estaciones (id,nombre,location,latitud,longitud) VALUES (22,'havsA','v2M5c',187.34,136.56);
INSERT INTO estaciones (id,nombre,location,latitud,longitud) VALUES (23,'QxHYY','O4Y1N',134.71,165.53);
INSERT INTO estaciones (id,nombre,location,latitud,longitud) VALUES (24,'wTTTC','q2G1Y',158.07,111.44);
INSERT INTO estaciones (id,nombre,location,latitud,longitud) VALUES (25,'tbbSP','k2a3p',181.33,169.34);
INSERT INTO estaciones (id,nombre,location,latitud,longitud) VALUES (26,'WzMCM','u2K3u',167.49,139.70);
INSERT INTO estaciones (id,nombre,location,latitud,longitud) VALUES (27,'mcxjo','a6w4F',159.43,153.41);
INSERT INTO estaciones (id,nombre,location,latitud,longitud) VALUES (28,'soXkw','D5E1q',101.79,126.55);
INSERT INTO estaciones (id,nombre,location,latitud,longitud) VALUES (29,'yedek','J5P5S',123.37,172.51);
INSERT INTO estaciones (id,nombre,location,latitud,longitud) VALUES (30,'gnRRc','S0x8s',168.14,169.47);
INSERT INTO estaciones (id,nombre,location,latitud,longitud) VALUES (31,'zIKFl','v6d9G',114.64,111.50);
INSERT INTO estaciones (id,nombre,location,latitud,longitud) VALUES (32,'GphWL','T7C1G',168.46,107.83);
INSERT INTO estaciones (id,nombre,location,latitud,longitud) VALUES (33,'oVnIO','G6O5U',109.53,179.83);
INSERT INTO estaciones (id,nombre,location,latitud,longitud) VALUES (34,'xwAvX','F2W6i',156.36,154.31);
INSERT INTO estaciones (id,nombre,location,latitud,longitud) VALUES (35,'mvMTs','P5L4l',199.11,146.36);
INSERT INTO estaciones (id,nombre,location,latitud,longitud) VALUES (36,'VOhCZ','Z0H6H',153.20,123.32);
INSERT INTO estaciones (id,nombre,location,latitud,longitud) VALUES (37,'fALUp','b3Y5j',189.53,128.68);
INSERT INTO estaciones (id,nombre,location,latitud,longitud) VALUES (38,'QhLAd','H4H5m',159.47,129.67);
INSERT INTO estaciones (id,nombre,location,latitud,longitud) VALUES (39,'LzSTA','J2g3Q',101.48,135.59);
INSERT INTO estaciones (id,nombre,location,latitud,longitud) VALUES (40,'bpwJT','Q9s6c',150.45,160.51);
INSERT INTO estaciones (id,nombre,location,latitud,longitud) VALUES (41,'aPpjv','p1B1K',102.92,160.85);
INSERT INTO estaciones (id,nombre,location,latitud,longitud) VALUES (42,'LRwDB','H4V6Y',186.93,179.52);
INSERT INTO estaciones (id,nombre,location,latitud,longitud) VALUES (43,'loWBJ','e0y0L',185.41,176.22);
INSERT INTO estaciones (id,nombre,location,latitud,longitud) VALUES (44,'mCnRT','z4f0R',178.35,152.05);
INSERT INTO estaciones (id,nombre,location,latitud,longitud) VALUES (45,'UbqJe','h0o7M',173.82,188.65);
INSERT INTO estaciones (id,nombre,location,latitud,longitud) VALUES (46,'LNMUx','B8p0z',168.46,153.30);
INSERT INTO estaciones (id,nombre,location,latitud,longitud) VALUES (47,'lUCvg','c5f3i',162.59,160.54);
INSERT INTO estaciones (id,nombre,location,latitud,longitud) VALUES (48,'wWZBA','J9U1q',135.42,100.57);
INSERT INTO estaciones (id,nombre,location,latitud,longitud) VALUES (49,'nvEvg','j2W3Y',102.45,141.86);
INSERT INTO estaciones (id,nombre,location,latitud,longitud) VALUES (50,'TvGvr','a3B7r',165.21,111.68);
INSERT INTO estaciones (id,nombre,location,latitud,longitud) VALUES (51,'myont','w9r1g',126.37,153.16);
INSERT INTO estaciones (id,nombre,location,latitud,longitud) VALUES (52,'IfMod','C1r9s',133.60,134.23);
INSERT INTO estaciones (id,nombre,location,latitud,longitud) VALUES (53,'IKkQy','i0j6n',100.73,174.43);
INSERT INTO estaciones (id,nombre,location,latitud,longitud) VALUES (54,'xoOdA','w6J8z',178.74,178.26);
INSERT INTO estaciones (id,nombre,location,latitud,longitud) VALUES (55,'wEJDU','j1H8j',169.47,181.05);
INSERT INTO estaciones (id,nombre,location,latitud,longitud) VALUES (56,'nHrdH','T8X3t',168.94,110.64);
INSERT INTO estaciones (id,nombre,location,latitud,longitud) VALUES (57,'FEgxC','t7K2g',166.84,118.41);
INSERT INTO estaciones (id,nombre,location,latitud,longitud) VALUES (58,'DKpMD','P8A0N',194.11,196.96);
INSERT INTO estaciones (id,nombre,location,latitud,longitud) VALUES (59,'YiNbn','a5D4f',124.00,122.84);
INSERT INTO estaciones (id,nombre,location,latitud,longitud) VALUES (60,'kerMF','i6q0r',125.96,137.23);
INSERT INTO estaciones (id,nombre,location,latitud,longitud) VALUES (61,'MPSOQ','n5p3l',142.49,127.34);
INSERT INTO estaciones (id,nombre,location,latitud,longitud) VALUES (62,'lHXso','i7U4W',157.48,199.48);
INSERT INTO estaciones (id,nombre,location,latitud,longitud) VALUES (63,'DndXb','M6I0b',117.63,177.23);
INSERT INTO estaciones (id,nombre,location,latitud,longitud) VALUES (64,'NNmSs','U6t1M',200.56,156.29);
INSERT INTO estaciones (id,nombre,location,latitud,longitud) VALUES (65,'TmRHW','B1k1t',162.76,143.68);
INSERT INTO estaciones (id,nombre,location,latitud,longitud) VALUES (66,'qVqSb','p5W3U',187.03,182.41);
INSERT INTO estaciones (id,nombre,location,latitud,longitud) VALUES (67,'McXdV','m8X8F',161.63,163.67);
INSERT INTO estaciones (id,nombre,location,latitud,longitud) VALUES (68,'MqCUv','X7a1d',135.77,105.01);
INSERT INTO estaciones (id,nombre,location,latitud,longitud) VALUES (69,'LwhPF','C7c2c',137.79,197.23);
INSERT INTO estaciones (id,nombre,location,latitud,longitud) VALUES (70,'eLUUZ','i4M8b',175.42,128.78);
INSERT INTO estaciones (id,nombre,location,latitud,longitud) VALUES (71,'qCJmr','v2m9B',105.38,163.81);
INSERT INTO estaciones (id,nombre,location,latitud,longitud) VALUES (72,'RitPb','n4h2P',119.68,190.62);
INSERT INTO estaciones (id,nombre,location,latitud,longitud) VALUES (73,'lcbFo','v3h6P',139.35,135.50);
INSERT INTO estaciones (id,nombre,location,latitud,longitud) VALUES (74,'GKevX','U9L2H',163.02,116.18);
INSERT INTO estaciones (id,nombre,location,latitud,longitud) VALUES (75,'ClaHQ','I4D8e',148.16,195.14);
INSERT INTO estaciones (id,nombre,location,latitud,longitud) VALUES (76,'rhtEi','g7g7C',113.18,183.88);
INSERT INTO estaciones (id,nombre,location,latitud,longitud) VALUES (77,'ezMQr','H4m5H',126.18,177.89);
INSERT INTO estaciones (id,nombre,location,latitud,longitud) VALUES (78,'ebohq','w1K3A',194.62,155.32);
INSERT INTO estaciones (id,nombre,location,latitud,longitud) VALUES (79,'aEaGI','T6c8D',114.88,199.01);
INSERT INTO estaciones (id,nombre,location,latitud,longitud) VALUES (80,'JyVjV','B3R0Y',140.20,169.81);
INSERT INTO estaciones (id,nombre,location,latitud,longitud) VALUES (81,'VhYvS','K0u0E',154.77,176.61);
INSERT INTO estaciones (id,nombre,location,latitud,longitud) VALUES (82,'DtTdI','D1v6f',132.85,184.82);
INSERT INTO estaciones (id,nombre,location,latitud,longitud) VALUES (83,'vqOkM','a2Z6Q',138.06,122.71);
INSERT INTO estaciones (id,nombre,location,latitud,longitud) VALUES (84,'Htdvi','r4q1F',104.68,135.48);
INSERT INTO estaciones (id,nombre,location,latitud,longitud) VALUES (85,'PmtiU','G4k8N',165.07,152.57);
INSERT INTO estaciones (id,nombre,location,latitud,longitud) VALUES (86,'kxijV','S1G6G',149.82,169.53);
INSERT INTO estaciones (id,nombre,location,latitud,longitud) VALUES (87,'rbVEo','R0K7g',109.98,182.76);
INSERT INTO estaciones (id,nombre,location,latitud,longitud) VALUES (88,'hdEBz','p7H5l',127.27,135.81);
INSERT INTO estaciones (id,nombre,location,latitud,longitud) VALUES (89,'ufEhU','U3U5n',165.70,145.38);
INSERT INTO estaciones (id,nombre,location,latitud,longitud) VALUES (90,'nEmSg','E9A1k',107.69,181.14);
INSERT INTO estaciones (id,nombre,location,latitud,longitud) VALUES (91,'VMuqa','d8C7R',149.98,146.35);
INSERT INTO estaciones (id,nombre,location,latitud,longitud) VALUES (92,'RwRiL','v0u9J',101.77,134.08);
INSERT INTO estaciones (id,nombre,location,latitud,longitud) VALUES (93,'RDMqK','K9I0E',143.34,143.82);
INSERT INTO estaciones (id,nombre,location,latitud,longitud) VALUES (94,'TlgZh','e7e9v',165.53,112.93);
INSERT INTO estaciones (id,nombre,location,latitud,longitud) VALUES (95,'CbVyg','H2a2O',141.72,104.70);
INSERT INTO estaciones (id,nombre,location,latitud,longitud) VALUES (96,'IoQmr','t1E7i',162.78,197.39);
INSERT INTO estaciones (id,nombre,location,latitud,longitud) VALUES (97,'gEOrT','s0v5t',108.01,158.52);
INSERT INTO estaciones (id,nombre,location,latitud,longitud) VALUES (98,'crYhb','u8Y8B',160.69,110.38);
INSERT INTO estaciones (id,nombre,location,latitud,longitud) VALUES (99,'SgFsR','c6J7K',153.44,123.53);
INSERT INTO estaciones (id,nombre,location,latitud,longitud) VALUES (100,'CdlbP','F9K7K',196.84,159.14);

INSERT INTO encargados (id,nombre,apellido,puesto,edad,ingreso) VALUES (1,'Bernadette','Patricia','encargado',32,2003);
INSERT INTO encargados (id,nombre,apellido,puesto,edad,ingreso) VALUES (2,'Rolf','Dante','planta',57,1981);
INSERT INTO encargados (id,nombre,apellido,puesto,edad,ingreso) VALUES (3,'Caroll','Silas','planta',61,1997);
INSERT INTO encargados (id,nombre,apellido,puesto,edad,ingreso) VALUES (4,'Ronna','Quincy','planta',64,2007);
INSERT INTO encargados (id,nombre,apellido,puesto,edad,ingreso) VALUES (5,'Hien','Eliseo','planta',60,1988);
INSERT INTO encargados (id,nombre,apellido,puesto,edad,ingreso) VALUES (6,'Demetria','Elliot','encargado',25,1994);
INSERT INTO encargados (id,nombre,apellido,puesto,edad,ingreso) VALUES (7,'Tarsha','Dwight','planta',63,1984);
INSERT INTO encargados (id,nombre,apellido,puesto,edad,ingreso) VALUES (8,'Santa','Courtney','planta',23,1984);
INSERT INTO encargados (id,nombre,apellido,puesto,edad,ingreso) VALUES (9,'Dierdre','Merle','planta',60,2000);
INSERT INTO encargados (id,nombre,apellido,puesto,edad,ingreso) VALUES (10,'Gaston','Rosario','planta',47,2004);
INSERT INTO encargados (id,nombre,apellido,puesto,edad,ingreso) VALUES (11,'Johna','Sung','planta',51,2002);
INSERT INTO encargados (id,nombre,apellido,puesto,edad,ingreso) VALUES (12,'Echo','Frederick','planta',50,2001);
INSERT INTO encargados (id,nombre,apellido,puesto,edad,ingreso) VALUES (13,'Tod','Marcos','planta',63,1991);
INSERT INTO encargados (id,nombre,apellido,puesto,edad,ingreso) VALUES (14,'Evette','Carrol','planta',54,1981);
INSERT INTO encargados (id,nombre,apellido,puesto,edad,ingreso) VALUES (15,'Tayna','Deandre','planta',19,2001);
INSERT INTO encargados (id,nombre,apellido,puesto,edad,ingreso) VALUES (16,'Jonnie','Adrian','planta',34,1999);
INSERT INTO encargados (id,nombre,apellido,puesto,edad,ingreso) VALUES (17,'Oralia','Willard','planta',40,1996);
INSERT INTO encargados (id,nombre,apellido,puesto,edad,ingreso) VALUES (18,'Bryce','Kenny','encargado',59,2007);
INSERT INTO encargados (id,nombre,apellido,puesto,edad,ingreso) VALUES (19,'Harris','Terrence','encargado',62,1988);
INSERT INTO encargados (id,nombre,apellido,puesto,edad,ingreso) VALUES (20,'Joshua','Sid','encargado',35,2006);
INSERT INTO encargados (id,nombre,apellido,puesto,edad,ingreso) VALUES (21,'Mirta','Hipolito','encargado',39,1983);
INSERT INTO encargados (id,nombre,apellido,puesto,edad,ingreso) VALUES (22,'Jesse','Jordon','encargado',46,1993);
INSERT INTO encargados (id,nombre,apellido,puesto,edad,ingreso) VALUES (23,'Shanell','Stanton','encargado',18,2002);
INSERT INTO encargados (id,nombre,apellido,puesto,edad,ingreso) VALUES (24,'Hanna','George','encargado',35,2008);
INSERT INTO encargados (id,nombre,apellido,puesto,edad,ingreso) VALUES (25,'Latesha','Jerrod','encargado',37,1990);
INSERT INTO encargados (id,nombre,apellido,puesto,edad,ingreso) VALUES (26,'Agripina','Arden','encargado',37,1994);
INSERT INTO encargados (id,nombre,apellido,puesto,edad,ingreso) VALUES (27,'Judson','Nathan','encargado',57,2010);
INSERT INTO encargados (id,nombre,apellido,puesto,edad,ingreso) VALUES (28,'Cassi','Leon','encargado',43,1981);
INSERT INTO encargados (id,nombre,apellido,puesto,edad,ingreso) VALUES (29,'Elena','Teddy','planta',47,1994);
INSERT INTO encargados (id,nombre,apellido,puesto,edad,ingreso) VALUES (30,'Annalisa','Gale','planta',51,1994);
INSERT INTO encargados (id,nombre,apellido,puesto,edad,ingreso) VALUES (31,'Trisha','Agustin','planta',44,1982);
INSERT INTO encargados (id,nombre,apellido,puesto,edad,ingreso) VALUES (32,'Maia','Andrew','planta',53,2004);
INSERT INTO encargados (id,nombre,apellido,puesto,edad,ingreso) VALUES (33,'Christin','Wilford','planta',48,1985);
INSERT INTO encargados (id,nombre,apellido,puesto,edad,ingreso) VALUES (34,'Yessenia','Claudio','planta',54,1998);
INSERT INTO encargados (id,nombre,apellido,puesto,edad,ingreso) VALUES (35,'Ardelle','Eusebio','encargado',34,1981);
INSERT INTO encargados (id,nombre,apellido,puesto,edad,ingreso) VALUES (36,'Vada','Merrill','encargado',61,1987);
INSERT INTO encargados (id,nombre,apellido,puesto,edad,ingreso) VALUES (37,'Shenika','Darrin','encargado',50,2010);
INSERT INTO encargados (id,nombre,apellido,puesto,edad,ingreso) VALUES (38,'Santo','Jeramy','gerencia',31,1988);
INSERT INTO encargados (id,nombre,apellido,puesto,edad,ingreso) VALUES (39,'Kristel','Chang','gerencia',63,1994);
INSERT INTO encargados (id,nombre,apellido,puesto,edad,ingreso) VALUES (40,'Angel','Emilio','administracion',19,1994);
INSERT INTO encargados (id,nombre,apellido,puesto,edad,ingreso) VALUES (41,'Brinda','Cedric','encargado',62,2004);
INSERT INTO encargados (id,nombre,apellido,puesto,edad,ingreso) VALUES (42,'Brianna','Cole','encargado',39,1998);
INSERT INTO encargados (id,nombre,apellido,puesto,edad,ingreso) VALUES (43,'Treva','Brian','encargado',40,1990);
INSERT INTO encargados (id,nombre,apellido,puesto,edad,ingreso) VALUES (44,'Cory','Sydney','encargado',36,2009);
INSERT INTO encargados (id,nombre,apellido,puesto,edad,ingreso) VALUES (45,'Sammy','Rodney','encargado',58,1998);
INSERT INTO encargados (id,nombre,apellido,puesto,edad,ingreso) VALUES (46,'Nellie','Gregg','encargado',37,2002);
INSERT INTO encargados (id,nombre,apellido,puesto,edad,ingreso) VALUES (47,'Vonnie','Federico','planta',46,2001);
INSERT INTO encargados (id,nombre,apellido,puesto,edad,ingreso) VALUES (48,'Malorie','Antwan','planta',41,1986);
INSERT INTO encargados (id,nombre,apellido,puesto,edad,ingreso) VALUES (49,'Walter','Berry','planta',23,2006);
INSERT INTO encargados (id,nombre,apellido,puesto,edad,ingreso) VALUES (50,'Margery','Tyrell','planta',64,1981);
INSERT INTO encargados (id,nombre,apellido,puesto,edad,ingreso) VALUES (51,'Mitch','Hilton','planta',25,2007);
INSERT INTO encargados (id,nombre,apellido,puesto,edad,ingreso) VALUES (52,'Colette','Derek','planta',48,1999);
INSERT INTO encargados (id,nombre,apellido,puesto,edad,ingreso) VALUES (53,'Maura','Luke','encargado',44,1990);
INSERT INTO encargados (id,nombre,apellido,puesto,edad,ingreso) VALUES (54,'Nathanael','Christopher','encargado',20,1991);
INSERT INTO encargados (id,nombre,apellido,puesto,edad,ingreso) VALUES (55,'Rosalind','Rosario','encargado',42,1981);
INSERT INTO encargados (id,nombre,apellido,puesto,edad,ingreso) VALUES (56,'Tarra','Mitch','gerencia',24,1990);
INSERT INTO encargados (id,nombre,apellido,puesto,edad,ingreso) VALUES (57,'Shawna','Rocco','gerencia',24,2009);
INSERT INTO encargados (id,nombre,apellido,puesto,edad,ingreso) VALUES (58,'Ria','Virgil','encargado',62,1996);
INSERT INTO encargados (id,nombre,apellido,puesto,edad,ingreso) VALUES (59,'Dottie','Stewart','encargado',46,1995);
INSERT INTO encargados (id,nombre,apellido,puesto,edad,ingreso) VALUES (60,'Barbar','Samuel','encargado',48,1994);
INSERT INTO encargados (id,nombre,apellido,puesto,edad,ingreso) VALUES (61,'Jonnie','Josue','encargado',49,1998);
INSERT INTO encargados (id,nombre,apellido,puesto,edad,ingreso) VALUES (62,'Teena','Colby','encargado',48,1991);
INSERT INTO encargados (id,nombre,apellido,puesto,edad,ingreso) VALUES (63,'Nobuko','Hollis','encargado',39,2009);
INSERT INTO encargados (id,nombre,apellido,puesto,edad,ingreso) VALUES (64,'Cornelia','Thaddeus','planta',60,1999);
INSERT INTO encargados (id,nombre,apellido,puesto,edad,ingreso) VALUES (65,'Lia','Anthony','planta',28,1991);
INSERT INTO encargados (id,nombre,apellido,puesto,edad,ingreso) VALUES (66,'Alberta','Antwan','planta',59,1991);
INSERT INTO encargados (id,nombre,apellido,puesto,edad,ingreso) VALUES (67,'Remona','Isidro','planta',28,1987);
INSERT INTO encargados (id,nombre,apellido,puesto,edad,ingreso) VALUES (68,'Dolores','Jeremiah','planta',58,1983);
INSERT INTO encargados (id,nombre,apellido,puesto,edad,ingreso) VALUES (69,'Myung','Toby','planta',57,1981);
INSERT INTO encargados (id,nombre,apellido,puesto,edad,ingreso) VALUES (70,'Nolan','Walker','encargado',44,1982);
INSERT INTO encargados (id,nombre,apellido,puesto,edad,ingreso) VALUES (71,'Dinah','Reinaldo','encargado',22,1994);
INSERT INTO encargados (id,nombre,apellido,puesto,edad,ingreso) VALUES (72,'Yadira','Nicolas','encargado',30,1988);
INSERT INTO encargados (id,nombre,apellido,puesto,edad,ingreso) VALUES (73,'Muoi','Valentine','gerencia',20,1987);
INSERT INTO encargados (id,nombre,apellido,puesto,edad,ingreso) VALUES (74,'Tabatha','Jess','gerencia',34,1990);
INSERT INTO encargados (id,nombre,apellido,puesto,edad,ingreso) VALUES (75,'Eliza','Danny','encargado',23,1990);
INSERT INTO encargados (id,nombre,apellido,puesto,edad,ingreso) VALUES (76,'Lyndsay','Luciano','encargado',40,2007);
INSERT INTO encargados (id,nombre,apellido,puesto,edad,ingreso) VALUES (77,'Enda','Val','encargado',61,1988);
INSERT INTO encargados (id,nombre,apellido,puesto,edad,ingreso) VALUES (78,'Billi','Dennis','encargado',36,2010);
INSERT INTO encargados (id,nombre,apellido,puesto,edad,ingreso) VALUES (79,'Shella','Guadalupe','encargado',58,1990);
INSERT INTO encargados (id,nombre,apellido,puesto,edad,ingreso) VALUES (80,'Maryland','Titus','encargado',49,1996);
INSERT INTO encargados (id,nombre,apellido,puesto,edad,ingreso) VALUES (81,'Tresa','Andy','planta',56,1986);
INSERT INTO encargados (id,nombre,apellido,puesto,edad,ingreso) VALUES (82,'Patty','Garrett','planta',34,2000);
INSERT INTO encargados (id,nombre,apellido,puesto,edad,ingreso) VALUES (83,'Ozella','Rudolf','planta',18,1982);
INSERT INTO encargados (id,nombre,apellido,puesto,edad,ingreso) VALUES (84,'Twana','Tristan','planta',58,1987);
INSERT INTO encargados (id,nombre,apellido,puesto,edad,ingreso) VALUES (85,'Dollie','Edwin','planta',55,2008);
INSERT INTO encargados (id,nombre,apellido,puesto,edad,ingreso) VALUES (86,'Elana','Thanh','planta',45,1992);
INSERT INTO encargados (id,nombre,apellido,puesto,edad,ingreso) VALUES (87,'Alishia','Damian','encargado',41,2001);
INSERT INTO encargados (id,nombre,apellido,puesto,edad,ingreso) VALUES (88,'Brandie','Minh','encargado',47,1993);
INSERT INTO encargados (id,nombre,apellido,puesto,edad,ingreso) VALUES (89,'Shanta','Terrance','encargado',18,1987);
INSERT INTO encargados (id,nombre,apellido,puesto,edad,ingreso) VALUES (90,'Marx','Carlo','gerencia',52,1987);
INSERT INTO encargados (id,nombre,apellido,puesto,edad,ingreso) VALUES (91,'Johnetta','Cordell','gerencia',27,1997);
INSERT INTO encargados (id,nombre,apellido,puesto,edad,ingreso) VALUES (92,'Krystyna','Marcel','encargado',58,1992);
INSERT INTO encargados (id,nombre,apellido,puesto,edad,ingreso) VALUES (93,'Lawanda','Alphonse','encargado',50,2007);
INSERT INTO encargados (id,nombre,apellido,puesto,edad,ingreso) VALUES (94,'Kandi','Deangelo','encargado',36,1994);
INSERT INTO encargados (id,nombre,apellido,puesto,edad,ingreso) VALUES (95,'Isidra','Maximo','encargado',30,2010);
INSERT INTO encargados (id,nombre,apellido,puesto,edad,ingreso) VALUES (96,'Olen','Rosendo','encargado',47,2001);
INSERT INTO encargados (id,nombre,apellido,puesto,edad,ingreso) VALUES (97,'Lupita','Fidel','encargado',56,2003);
INSERT INTO encargados (id,nombre,apellido,puesto,edad,ingreso) VALUES (98,'Roy','Lucas','planta',65,1986);
INSERT INTO encargados (id,nombre,apellido,puesto,edad,ingreso) VALUES (99,'Zena','Herbert','planta',52,1981);
INSERT INTO encargados (id,nombre,apellido,puesto,edad,ingreso) VALUES (100,'Marlene','Elias','planta',46,1999);

INSERT INTO mediciones (id,fecha,id_estacion,id_encargado,id_sensor) VALUES (1,1/1/2018,95,36,36);
INSERT INTO mediciones (id,fecha,id_estacion,id_encargado,id_sensor) VALUES (2,1/2/2018,27,78,79);
INSERT INTO mediciones (id,fecha,id_estacion,id_encargado,id_sensor) VALUES (3,1/3/2018,87,89,39);
INSERT INTO mediciones (id,fecha,id_estacion,id_encargado,id_sensor) VALUES (4,1/4/2018,89,74,2);
INSERT INTO mediciones (id,fecha,id_estacion,id_encargado,id_sensor) VALUES (5,1/5/2018,79,56,97);
INSERT INTO mediciones (id,fecha,id_estacion,id_encargado,id_sensor) VALUES (6,1/6/2018,61,94,27);
INSERT INTO mediciones (id,fecha,id_estacion,id_encargado,id_sensor) VALUES (7,1/7/2018,1,24,20);
INSERT INTO mediciones (id,fecha,id_estacion,id_encargado,id_sensor) VALUES (8,1/8/2018,47,67,64);
INSERT INTO mediciones (id,fecha,id_estacion,id_encargado,id_sensor) VALUES (9,1/9/2018,29,58,65);
INSERT INTO mediciones (id,fecha,id_estacion,id_encargado,id_sensor) VALUES (10,1/10/2018,73,39,43);
INSERT INTO mediciones (id,fecha,id_estacion,id_encargado,id_sensor) VALUES (11,1/11/2018,30,96,10);
INSERT INTO mediciones (id,fecha,id_estacion,id_encargado,id_sensor) VALUES (12,1/12/2018,41,58,23);
INSERT INTO mediciones (id,fecha,id_estacion,id_encargado,id_sensor) VALUES (13,1/1/2019,88,78,14);
INSERT INTO mediciones (id,fecha,id_estacion,id_encargado,id_sensor) VALUES (14,1/2/2019,52,60,50);
INSERT INTO mediciones (id,fecha,id_estacion,id_encargado,id_sensor) VALUES (15,1/3/2019,26,29,75);
INSERT INTO mediciones (id,fecha,id_estacion,id_encargado,id_sensor) VALUES (16,1/4/2019,82,77,41);
INSERT INTO mediciones (id,fecha,id_estacion,id_encargado,id_sensor) VALUES (17,1/5/2019,36,38,51);
INSERT INTO mediciones (id,fecha,id_estacion,id_encargado,id_sensor) VALUES (18,1/6/2019,96,3,95);
INSERT INTO mediciones (id,fecha,id_estacion,id_encargado,id_sensor) VALUES (19,1/7/2019,96,65,93);
INSERT INTO mediciones (id,fecha,id_estacion,id_encargado,id_sensor) VALUES (20,1/8/2019,8,94,28);
INSERT INTO mediciones (id,fecha,id_estacion,id_encargado,id_sensor) VALUES (21,1/9/2019,41,27,95);
INSERT INTO mediciones (id,fecha,id_estacion,id_encargado,id_sensor) VALUES (22,1/10/2019,95,29,60);
INSERT INTO mediciones (id,fecha,id_estacion,id_encargado,id_sensor) VALUES (23,1/11/2019,64,82,70);
INSERT INTO mediciones (id,fecha,id_estacion,id_encargado,id_sensor) VALUES (24,1/12/2019,75,10,69);
INSERT INTO mediciones (id,fecha,id_estacion,id_encargado,id_sensor) VALUES (25,1/1/2020,97,11,44);
INSERT INTO mediciones (id,fecha,id_estacion,id_encargado,id_sensor) VALUES (26,1/2/2020,22,94,72);
INSERT INTO mediciones (id,fecha,id_estacion,id_encargado,id_sensor) VALUES (27,1/3/2020,98,74,5);
INSERT INTO mediciones (id,fecha,id_estacion,id_encargado,id_sensor) VALUES (28,1/4/2020,23,54,31);
INSERT INTO mediciones (id,fecha,id_estacion,id_encargado,id_sensor) VALUES (29,1/5/2020,3,72,93);
INSERT INTO mediciones (id,fecha,id_estacion,id_encargado,id_sensor) VALUES (30,1/6/2020,37,28,22);
INSERT INTO mediciones (id,fecha,id_estacion,id_encargado,id_sensor) VALUES (31,1/7/2020,31,9,18);
INSERT INTO mediciones (id,fecha,id_estacion,id_encargado,id_sensor) VALUES (32,1/8/2020,11,48,34);
INSERT INTO mediciones (id,fecha,id_estacion,id_encargado,id_sensor) VALUES (33,1/9/2020,87,54,40);
INSERT INTO mediciones (id,fecha,id_estacion,id_encargado,id_sensor) VALUES (34,1/10/2020,86,86,56);
INSERT INTO mediciones (id,fecha,id_estacion,id_encargado,id_sensor) VALUES (35,1/11/2020,13,61,36);
INSERT INTO mediciones (id,fecha,id_estacion,id_encargado,id_sensor) VALUES (36,1/12/2020,79,62,88);
INSERT INTO mediciones (id,fecha,id_estacion,id_encargado,id_sensor) VALUES (37,1/1/2021,56,35,11);
INSERT INTO mediciones (id,fecha,id_estacion,id_encargado,id_sensor) VALUES (38,1/2/2021,72,81,31);
INSERT INTO mediciones (id,fecha,id_estacion,id_encargado,id_sensor) VALUES (39,1/3/2021,32,41,98);
INSERT INTO mediciones (id,fecha,id_estacion,id_encargado,id_sensor) VALUES (40,1/4/2021,21,20,13);
INSERT INTO mediciones (id,fecha,id_estacion,id_encargado,id_sensor) VALUES (41,1/5/2021,64,57,16);
INSERT INTO mediciones (id,fecha,id_estacion,id_encargado,id_sensor) VALUES (42,1/6/2021,36,50,7);
INSERT INTO mediciones (id,fecha,id_estacion,id_encargado,id_sensor) VALUES (43,1/7/2021,78,6,98);
INSERT INTO mediciones (id,fecha,id_estacion,id_encargado,id_sensor) VALUES (44,1/8/2021,92,71,7);
INSERT INTO mediciones (id,fecha,id_estacion,id_encargado,id_sensor) VALUES (45,1/9/2021,73,81,50);
INSERT INTO mediciones (id,fecha,id_estacion,id_encargado,id_sensor) VALUES (46,1/10/2021,80,54,59);
INSERT INTO mediciones (id,fecha,id_estacion,id_encargado,id_sensor) VALUES (47,1/11/2021,43,98,79);
INSERT INTO mediciones (id,fecha,id_estacion,id_encargado,id_sensor) VALUES (48,1/12/2021,54,74,82);
INSERT INTO mediciones (id,fecha,id_estacion,id_encargado,id_sensor) VALUES (49,1/1/2022,73,30,87);
INSERT INTO mediciones (id,fecha,id_estacion,id_encargado,id_sensor) VALUES (50,1/2/2022,82,75,39);
INSERT INTO mediciones (id,fecha,id_estacion,id_encargado,id_sensor) VALUES (51,1/3/2022,73,6,38);
INSERT INTO mediciones (id,fecha,id_estacion,id_encargado,id_sensor) VALUES (52,1/4/2022,14,61,46);
INSERT INTO mediciones (id,fecha,id_estacion,id_encargado,id_sensor) VALUES (53,1/5/2022,53,8,82);
INSERT INTO mediciones (id,fecha,id_estacion,id_encargado,id_sensor) VALUES (54,1/6/2022,2,81,66);
INSERT INTO mediciones (id,fecha,id_estacion,id_encargado,id_sensor) VALUES (55,1/7/2022,34,68,48);
INSERT INTO mediciones (id,fecha,id_estacion,id_encargado,id_sensor) VALUES (56,1/8/2022,73,93,74);
INSERT INTO mediciones (id,fecha,id_estacion,id_encargado,id_sensor) VALUES (57,1/9/2022,80,3,42);
INSERT INTO mediciones (id,fecha,id_estacion,id_encargado,id_sensor) VALUES (58,1/10/2022,4,71,46);
INSERT INTO mediciones (id,fecha,id_estacion,id_encargado,id_sensor) VALUES (59,1/11/2022,37,45,38);
INSERT INTO mediciones (id,fecha,id_estacion,id_encargado,id_sensor) VALUES (60,1/12/2022,27,84,33);
INSERT INTO mediciones (id,fecha,id_estacion,id_encargado,id_sensor) VALUES (61,1/1/2023,76,84,71);
INSERT INTO mediciones (id,fecha,id_estacion,id_encargado,id_sensor) VALUES (62,1/2/2023,40,7,18);
INSERT INTO mediciones (id,fecha,id_estacion,id_encargado,id_sensor) VALUES (63,1/3/2023,40,63,71);
INSERT INTO mediciones (id,fecha,id_estacion,id_encargado,id_sensor) VALUES (64,1/4/2023,91,84,34);
INSERT INTO mediciones (id,fecha,id_estacion,id_encargado,id_sensor) VALUES (65,1/5/2023,82,13,60);
INSERT INTO mediciones (id,fecha,id_estacion,id_encargado,id_sensor) VALUES (66,1/6/2023,29,82,28);
INSERT INTO mediciones (id,fecha,id_estacion,id_encargado,id_sensor) VALUES (67,1/7/2023,30,29,66);
INSERT INTO mediciones (id,fecha,id_estacion,id_encargado,id_sensor) VALUES (68,1/8/2023,24,92,59);
INSERT INTO mediciones (id,fecha,id_estacion,id_encargado,id_sensor) VALUES (69,1/9/2023,19,20,17);
INSERT INTO mediciones (id,fecha,id_estacion,id_encargado,id_sensor) VALUES (70,1/10/2023,5,92,24);
INSERT INTO mediciones (id,fecha,id_estacion,id_encargado,id_sensor) VALUES (71,1/11/2023,95,8,14);
INSERT INTO mediciones (id,fecha,id_estacion,id_encargado,id_sensor) VALUES (72,1/12/2023,15,59,57);
INSERT INTO mediciones (id,fecha,id_estacion,id_encargado,id_sensor) VALUES (73,1/1/2024,47,86,78);
INSERT INTO mediciones (id,fecha,id_estacion,id_encargado,id_sensor) VALUES (74,1/2/2024,100,8,97);
INSERT INTO mediciones (id,fecha,id_estacion,id_encargado,id_sensor) VALUES (75,1/3/2024,80,30,20);
INSERT INTO mediciones (id,fecha,id_estacion,id_encargado,id_sensor) VALUES (76,1/4/2024,10,33,45);
INSERT INTO mediciones (id,fecha,id_estacion,id_encargado,id_sensor) VALUES (77,1/5/2024,89,28,32);
INSERT INTO mediciones (id,fecha,id_estacion,id_encargado,id_sensor) VALUES (78,1/6/2024,25,11,30);
INSERT INTO mediciones (id,fecha,id_estacion,id_encargado,id_sensor) VALUES (79,1/7/2024,66,74,8);
INSERT INTO mediciones (id,fecha,id_estacion,id_encargado,id_sensor) VALUES (80,1/8/2024,10,24,66);
INSERT INTO mediciones (id,fecha,id_estacion,id_encargado,id_sensor) VALUES (81,1/9/2024,25,47,87);
INSERT INTO mediciones (id,fecha,id_estacion,id_encargado,id_sensor) VALUES (82,1/10/2024,44,21,4);
INSERT INTO mediciones (id,fecha,id_estacion,id_encargado,id_sensor) VALUES (83,1/11/2024,71,84,96);
INSERT INTO mediciones (id,fecha,id_estacion,id_encargado,id_sensor) VALUES (84,1/12/2024,75,85,99);
INSERT INTO mediciones (id,fecha,id_estacion,id_encargado,id_sensor) VALUES (85,1/1/2025,17,37,93);
INSERT INTO mediciones (id,fecha,id_estacion,id_encargado,id_sensor) VALUES (86,1/2/2025,94,73,52);
INSERT INTO mediciones (id,fecha,id_estacion,id_encargado,id_sensor) VALUES (87,1/3/2025,58,44,47);
INSERT INTO mediciones (id,fecha,id_estacion,id_encargado,id_sensor) VALUES (88,1/4/2025,29,50,54);
INSERT INTO mediciones (id,fecha,id_estacion,id_encargado,id_sensor) VALUES (89,1/5/2025,33,25,72);
INSERT INTO mediciones (id,fecha,id_estacion,id_encargado,id_sensor) VALUES (90,1/6/2025,53,22,89);
INSERT INTO mediciones (id,fecha,id_estacion,id_encargado,id_sensor) VALUES (91,1/7/2025,58,31,100);
INSERT INTO mediciones (id,fecha,id_estacion,id_encargado,id_sensor) VALUES (92,1/8/2025,44,69,52);
INSERT INTO mediciones (id,fecha,id_estacion,id_encargado,id_sensor) VALUES (93,1/9/2025,72,9,50);
INSERT INTO mediciones (id,fecha,id_estacion,id_encargado,id_sensor) VALUES (94,1/10/2025,43,49,38);
INSERT INTO mediciones (id,fecha,id_estacion,id_encargado,id_sensor) VALUES (95,1/11/2025,4,83,51);
INSERT INTO mediciones (id,fecha,id_estacion,id_encargado,id_sensor) VALUES (96,1/12/2025,12,93,13);
INSERT INTO mediciones (id,fecha,id_estacion,id_encargado,id_sensor) VALUES (97,1/1/2026,49,99,65);
INSERT INTO mediciones (id,fecha,id_estacion,id_encargado,id_sensor) VALUES (98,1/2/2026,12,30,83);
INSERT INTO mediciones (id,fecha,id_estacion,id_encargado,id_sensor) VALUES (99,1/3/2026,5,15,60);
INSERT INTO mediciones (id,fecha,id_estacion,id_encargado,id_sensor) VALUES (100,1/4/2026,46,100,67);

INSERT INTO mediciones (id,fecha,id_estacion,id_encargado,id_sensor) VALUES ('uno','fecha','estacion','encargado','sensor);

SELECT nombre, apellido FROM encargados;
SELECT nombre, apellido FROM encargados WHERE apellido = 'Stanton' ;
SELECT mediciones.fecha, encargados.nombre, encargados.apellido, FROM mediciones LEFT JOIN encargados ON mediciones.id_encargado = encargados.id;
SELECT estaciones.nombre , encargados.nombre , sensores.nombre, mediciones.medicion FROM mediciones, encargados, estaciones, sensores WHERE mediciones.id_estacion =   estacion.id AND mediciones.id_encargado = encargados.id AND mediciones.id_sensor = sensores.id;
